,QC_08,lv1_08,Ground_temperature_08,Temperature_08,Temperature_08_H0,Relative_humidity_08,Sep,QC_20,lv1_20,Ground_temperature_20,Temperature_20,Temperature_20_H0,Relative_humidity_20
2009/01/01,0,0,,47,254.99678,42,/,0,0,,47,255.82341,42
2009/01/02,0,0,,47,253.63045,42,/,0,0,,47,253.82758,46
2009/01/03,0,0,,47,250.78346,41,/,0,0,,47,252.92865,47
2009/01/04,0,0,,47,252.15324,34,/,0,0,,47,258.31262,28
2009/01/05,0,0,,47,255.25302,28,/,0,0,,47,255.22539,29
2009/01/06,0,0,,47,254.52971,28,/,0,0,,47,254.06044,47
2009/01/07,0,0,,47,250.61334,47,/,0,0,,47,253.4541,47
2009/01/08,0,0,,47,248.81432,42,/,0,0,,47,251.28871,42
2009/01/09,0,0,,47,250.41383,42,/,0,0,,47,254.46249,42
2009/01/10,0,0,,47,250.78198,42,/,0,0,,47,254.88846,42
2009/01/11,0,0,,47,251.99284,42,/,0,0,,47,253.10773,47
2009/01/12,0,0,,47,250.11638,42,/,0,0,,47,254.9229,42
2009/01/13,0,0,,47,251.6161,42,/,0,0,,47,256.48611,42
2009/01/14,0,0,,47,252.70985,42,/,0,0,,47,257.39709,47
2009/01/15,0,0,,47,255.16879,28,/,0,31,272.16,47,259.62082,24
2009/01/16,0,0,,47,254.57602,24,/,0,0,,47,259.8299,29
2009/01/17,0,0,,47,257.46637,29,/,0,0,,47,260.75446,30
2009/01/18,0,0,,47,257.75754,35,/,0,0,,47,262.02109,35
2009/01/19,0,0,,47,257.7955,42,/,0,0,,47,261.72946,42
2009/01/20,0,0,,47,257.88144,34,/,0,31,270.34,47,254.52237,41
2009/01/21,0,0,,47,253.61894,41,/,0,31,276.29,34,258.90646,28
2009/01/22,0,0,,47,255.88902,31,/,0,31,259.94,47,255.51288,28
2009/01/23,0,0,,47,249.76146,34,/,0,31,261.65,47,253.99933,41
2009/01/24,0,0,,47,251.78261,41,/,0,31,272.49,47,258.27875,32
2009/01/25,0,0,,47,255.57567,29,/,0,0,,47,254.4422,28
2009/01/26,0,0,,47,251.95746,28,/,0,0,,47,257.21201,28
2009/01/27,0,0,,47,254.09955,42,/,0,31,276.02,47,261.33325,42
2009/01/28,0,0,,47,257.68781,42,/,0,31,273.94,47,259.51788,42
2009/01/29,3,143,269.36,47,256.20178,42,/,3,177,276.97,47,262.07947,42
2009/01/30,0,0,,47,258.457,42,/,0,0,,47,262.62109,42
2009/01/31,0,0,,47,260.06897,42,/,0,0,,47,260.77155,42
2009/02/01,0,0,,47,259.00497,42,/,0,0,,47,259.02335,42
2009/02/02,0,0,,47,255.10008,42,/,0,31,275.05,47,258.74631,42
2009/02/03,0,31,269.21,47,255.43889,42,/,0,31,278.69,47,259.63135,42
2009/02/04,0,31,269.24,47,257.82559,42,/,0,31,275.93,47,263.3382,42
2009/02/05,0,0,,47,258.33026,35,/,0,31,283.35,47,264.84747,35
2009/02/06,0,31,273.65,47,261.03134,35,/,0,31,276.41,47,265.63846,35
2009/02/07,0,31,272.2,47,261.83905,35,/,0,31,274.01,47,263.81348,35
2009/02/08,0,31,270.65,47,259.57339,35,/,0,31,275.8,47,261.59433,35
2009/02/09,0,31,268.55,47,259.29846,35,/,0,31,277.67,47,261.70593,35
2009/02/10,0,31,270.64,47,258.83972,35,/,0,31,282.14,47,268.90369,35
2009/02/11,0,0,272.53,47,263.74112,35,/,0,31,284.09,47,269.3999,35
2009/02/12,0,31,274.92,47,263.89615,35,/,0,31,275.08,47,261.90698,42
2009/02/13,0,31,269.78,47,258.97852,42,/,0,31,275.64,47,264.55502,34
2009/02/14,0,31,268.81,47,258.93158,34,/,0,31,274.73,47,263.09131,35
2009/02/15,0,31,268.74,47,260.50854,35,/,0,31,276.28,47,261.16,35
2009/02/16,0,31,271.83,47,260.2001,42,/,0,31,276.35,47,263.21878,42
2009/02/17,0,31,271.34,47,260.52438,42,/,0,31,278.27,47,263.95242,42
2009/02/18,0,31,278.64,47,262.38077,42,/,0,31,267.33,47,259.74319,42
2009/02/19,0,31,270.16,47,255.47522,34,/,0,31,265.67,47,255.25764,42
2009/02/20,0,0,,47,254.24994,42,/,0,0,,47,263.75977,29
2009/02/21,0,31,277.28,47,260.70737,42,/,0,31,269.14,47,260.3602,41
2009/02/22,0,31,279.71,47,255.85352,28,/,0,31,271.58,47,257.20969,28
2009/02/23,0,31,279.44,47,255.79065,28,/,0,31,271.32,47,261.35138,24
2009/02/24,0,31,277.3,47,258.65436,24,/,0,31,270.02,47,261.03113,28
2009/02/25,0,31,270.81,47,258.72833,28,/,2,31,268.33,47,259.58667,29
2009/02/26,0,31,271.24,47,257.94107,42,/,0,31,268.44,47,258.69373,41
2009/02/27,0,31,273.69,47,256.16702,42,/,0,31,270.16,47,257.37048,42
2009/02/28,0,31,276.1,47,253.67557,42,/,3,31,270.17,47,256.62064,42
2009/03/01,0,31,272.58,47,255.76654,42,/,0,31,269.75,47,255.71849,28
2009/03/02,0,31,276.36,47,250.98764,47,/,0,31,270.68,47,255.35974,28
2009/03/03,0,31,278.24,47,254.27521,47,/,0,31,271.03,47,258.39267,41
2009/03/04,0,31,274.39,47,259.46533,29,/,0,31,267.87,47,258.67749,29
2009/03/05,0,31,274.34,47,257.78287,29,/,0,31,268.97,47,258.86942,29
2009/03/06,0,31,275.41,47,257.11243,42,/,0,31,270.65,47,259.01758,42
2009/03/07,0,31,279.51,47,256.94543,42,/,0,31,274.32,47,259.80002,42
2009/03/08,0,31,283.63,47,258.00043,29,/,0,31,274.31,47,261.15826,42
2009/03/09,0,31,283.45,47,259.88696,42,/,0,31,275.17,47,265.38132,35
2009/03/10,0,31,276.58,47,264.3342,35,/,0,31,274.25,47,264.73248,35
2009/03/11,0,31,272.03,47,263.45602,35,/,0,31,269.35,47,257.70996,35
2009/03/12,0,31,267.9,47,254.52214,42,/,0,31,265.89,47,250.84685,41
2009/03/13,0,31,276.2,47,249.03192,41,/,0,31,272.68,47,261.12521,29
2009/03/14,0,31,282.67,47,261.45923,29,/,0,31,275.59,47,264.40857,29
2009/03/15,0,31,284.05,47,260.46109,29,/,0,31,276.81,47,263.76218,29
2009/03/16,0,31,289.73,47,259.68283,29,/,0,31,280.71,47,266.61163,35
2009/03/17,0,31,290.69,47,262.27521,29,/,0,31,281.37,47,266.59909,35
2009/03/18,0,31,291.22,47,262.96341,42,/,0,31,279.53,47,265.86987,29
2009/03/19,0,31,292.37,47,262.65234,29,/,0,31,283.35,47,266.54697,42
2009/03/20,0,31,293.02,47,264.41763,42,/,0,31,277.37,47,267.2973,29
2009/03/21,0,31,282.55,47,263.70908,42,/,0,31,276.04,47,264.04031,42
2009/03/22,0,31,281.03,47,264.96713,42,/,2,31,272.98,47,261.21594,35
2009/03/23,0,31,288.16,47,259.1167,42,/,0,31,279.99,47,263.0134,42
2009/03/24,0,31,285.3,47,260.34564,42,/,0,31,274.68,47,264.67462,42
2009/03/25,0,31,289.66,47,262.35016,29,/,0,31,279.14,47,267.8692,42
2009/03/26,0,31,278.34,47,263.97455,32,/,3,31,272.55,47,264.46225,29
2009/03/27,2,31,276.26,47,261.79868,42,/,2,31,272.84,47,263.07584,42
2009/03/28,0,31,281.22,47,259.4809,42,/,0,31,274.12,47,261.64621,42
2009/03/29,0,31,284.81,47,259.52725,29,/,0,31,275.54,47,259.23987,29
2009/03/30,0,31,284.41,47,258.72058,42,/,0,31,278.39,47,261.51181,29
2009/03/31,0,31,282.87,47,259.54877,29,/,0,31,275.2,47,260.61276,29
2009/04/01,0,31,283.53,47,259.55063,29,/,0,31,276.03,47,262.50455,29
2009/04/02,0,31,288.35,47,259.73978,42,/,0,31,276.6,47,265.13757,29
2009/04/03,0,31,285.08,47,259.82596,29,/,0,31,278.3,47,263.45975,29
2009/04/04,0,31,282.81,47,252.15324,34,/,0,31,275.25,47,260.21536,29
2009/04/05,0,31,286.37,47,260.82172,29,/,0,31,278.21,47,263.33664,29
2009/04/06,0,31,289.62,47,259.73306,47,/,0,31,279.21,47,264.2067,46
2009/04/07,0,31,291.82,47,263.20502,29,/,0,31,277.96,47,270.81915,30
2009/04/08,0,31,285.76,47,268.32901,30,/,3,31,280.29,47,269.51974,30
2009/04/09,0,31,289.51,47,266.22382,43,/,0,31,280.88,47,268.3476,43
2009/04/10,0,31,292.43,47,265.38843,43,/,0,31,284.59,47,268.46985,30
2009/04/11,0,31,292.57,47,265.91641,30,/,0,31,284.07,47,265.77734,30
2009/04/12,0,31,293.36,47,263.96231,30,/,0,31,284.17,47,266.45886,29
2009/04/13,0,31,296.11,47,264.54956,29,/,0,31,286.2,47,269.95779,30
2009/04/14,0,31,294.2,47,266.0719,30,/,0,31,287.32,47,269.73663,30
2009/04/15,3,31,293.64,47,265.53845,35,/,0,31,283.06,47,269.51071,43
2009/04/16,0,31,295.58,47,268.4267,36,/,0,31,285.37,47,272.07523,36
2009/04/17,0,31,297.46,47,269.09842,43,/,0,31,287.24,47,271.23593,43
2009/04/18,2,31,285.2,47,266.98419,43,/,0,31,280.19,47,264.86652,43
2009/04/19,0,31,290.38,47,263.32599,43,/,0,31,282.21,47,264.4054,43
2009/04/20,0,31,290.16,47,263.21655,42,/,0,31,280.67,47,266.23318,42
2009/04/21,0,31,291.99,47,263.08871,42,/,0,31,283.91,25,269.56619,25
2009/04/22,3,31,285.93,47,265.22324,43,/,0,31,281.65,47,267.9624,43
2009/04/23,0,31,284.19,47,266.06271,43,/,0,31,277.14,47,267.4241,43
2009/04/24,0,31,283.28,47,264.35822,43,/,0,31,278.34,47,267.44952,43
2009/04/25,0,0,287.53,47,265.23257,36,/,0,31,286.59,47,269.03259,36
2009/04/26,0,0,280.44,47,264.75558,36,/,2,31,287.72,47,268.89417,36
2009/04/27,0,31,282.12,47,267.58594,36,/,0,31,285.69,47,268.47906,43
2009/04/28,0,0,279.57,47,264.55188,43,/,0,31,290.57,47,270.85825,43
2009/04/29,0,0,,47,267.64832,30,/,0,0,,47,271.13129,30
2009/04/30,0,0,,47,268.53479,36,/,0,0,,47,265.95084,36
2009/05/01,0,0,,47,263.95853,36,/,0,31,284.51,47,263.93338,36
2009/05/02,0,0,,47,262.06406,43,/,0,31,284.25,47,266.18851,43
2009/05/03,0,31,280.13,47,265.65173,43,/,0,31,293.29,47,272.38007,36
2009/05/04,0,31,283.7,47,269.72858,36,/,0,31,291.25,47,272.50031,37
2009/05/05,0,0,,47,269.05508,43,/,0,31,293.74,47,274.23004,44
2009/05/06,0,31,285.81,47,269.43512,44,/,0,31,290.65,47,275.62741,44
2009/05/07,0,31,286.04,47,271.58588,36,/,0,31,290.25,47,275.91559,44
2009/05/08,0,31,287.42,47,271.77243,36,/,0,31,290.97,47,273.3743,36
2009/05/09,2,31,287.79,47,268.0755,36,/,0,31,287.07,47,268.90817,36
2009/05/10,0,31,284.33,47,267.6554,36,/,0,31,291.89,47,270.60019,36
2009/05/11,3,31,277.84,47,266.80533,43,/,0,31,283.79,47,267.80338,43
2009/05/12,0,31,282.85,47,267.83487,36,/,0,31,283.66,47,268.75781,36
2009/05/13,0,31,282.82,47,268.8793,36,/,2,31,283.28,47,269.06879,36
2009/05/14,2,31,279.86,47,267.49112,36,/,2,31,283.03,47,267.15527,43
2009/05/15,0,31,281.51,47,265.21085,43,/,0,31,285.45,47,266.37457,43
2009/05/16,0,31,283.68,47,264.41409,43,/,0,31,286.45,47,267.66232,43
2009/05/17,0,31,282.65,47,265.31122,30,/,0,31,280.84,47,263.51614,43
2009/05/18,0,31,279.01,47,263.71796,43,/,0,31,290.6,47,268.76642,43
2009/05/19,0,0,283.97,47,263.44406,46,/,0,31,290.94,47,268.6676,43
2009/05/20,0,31,285.69,47,268.26523,43,/,0,31,295.71,47,274.84479,43
2009/05/21,0,31,284.65,47,271.51642,43,/,2,31,283.09,47,268.23056,36
2009/05/22,0,31,282.37,47,265.94986,36,/,0,31,290.12,47,270.69131,44
2009/05/23,0,31,284.69,47,268.70096,36,/,2,31,289.78,47,271.25302,36
2009/05/24,0,31,285.12,47,269.52771,36,/,0,31,293.07,47,271.06073,36
2009/05/25,0,0,286.68,47,270.1947,36,/,0,31,293.09,47,276.80164,36
2009/05/26,0,31,286.85,47,273.19562,37,/,2,31,285.95,47,277.72675,37
2009/05/27,3,31,282.06,47,275.17206,37,/,2,31,286.44,47,273.54233,37
2009/05/28,0,0,282.82,47,265.78271,37,/,0,31,288.09,47,268.70609,37
2009/05/29,0,31,284.33,47,266.77621,37,/,0,31,286.91,47,267.04242,36
2009/05/30,0,31,284.21,47,265.13699,36,/,0,31,292.2,47,267.82913,36
2009/05/31,0,31,286.76,47,266.20251,43,/,0,31,292.48,47,270.22815,36
2009/06/01,0,0,286.61,47,267.28107,36,/,0,31,293.8,47,267.47394,43
2009/06/02,0,0,,47,265.61343,43,/,2,0,,47,270.23566,43
2009/06/03,0,0,289.64,47,267.60712,43,/,0,31,296.83,47,272.36163,44
2009/06/04,0,31,289.18,47,268.33969,43,/,0,31,297.15,47,269.79321,44
2009/06/05,0,31,290.86,47,268.11346,43,/,3,31,286.0,47,271.09583,36
2009/06/06,0,31,284.59,47,269.38635,43,/,0,31,295.49,47,272.43658,36
2009/06/07,0,31,287.91,47,270.71292,43,/,0,31,289.39,47,271.69662,36
2009/06/08,0,0,287.64,47,269.71387,44,/,0,31,294.14,47,271.37842,44
2009/06/09,2,0,,47,271.33981,44,/,0,31,292.76,47,271.22241,37
2009/06/10,2,0,,47,270.72455,37,/,2,31,292.94,47,271.50699,44
2009/06/11,2,0,,47,269.98825,44,/,0,0,,47,270.71042,44
2009/06/12,0,0,,47,267.29785,44,/,0,0,,47,273.10495,44
2009/06/13,0,0,,47,269.60406,44,/,0,31,297.03,47,272.47198,44
2009/06/14,0,31,290.91,47,270.68069,36,/,0,31,297.14,47,275.28116,37
2009/06/15,0,0,289.72,47,271.5213,37,/,3,31,291.07,47,272.84491,37
2009/06/16,0,31,287.88,47,272.78391,37,/,0,0,,47,276.20911,37
2009/06/17,0,0,,47,274.55731,37,/,0,31,296.47,47,280.95624,37
2009/06/18,3,31,290.7,47,276.87311,37,/,3,31,295.28,47,279.30029,37
2009/06/19,0,0,285.35,47,272.61719,37,/,0,31,290.13,47,274.94653,37
2009/06/20,2,31,285.81,47,274.18631,37,/,0,31,293.38,47,276.0105,37
2009/06/21,0,31,289.88,47,274.75961,37,/,2,31,291.38,47,273.38141,37
2009/06/22,0,31,287.14,47,272.35507,37,/,2,31,296.86,47,275.37762,37
2009/06/23,0,0,291.09,47,272.39374,37,/,0,31,298.96,47,265.50583,42
2009/06/24,0,0,,47,273.76755,37,/,0,0,,47,276.07892,37
2009/06/25,0,0,292.81,47,274.3161,37,/,2,31,297.93,47,276.44882,37
2009/06/26,0,31,293.26,47,274.12747,37,/,3,31,297.05,47,276.88541,37
2009/06/27,3,31,291.82,47,274.32333,37,/,0,31,291.84,47,274.69989,37
2009/06/28,0,31,287.36,47,273.48135,37,/,0,31,295.5,47,275.51358,44
2009/06/29,2,31,291.72,47,271.7793,44,/,0,31,293.46,47,272.60812,44
2009/06/30,0,31,289.19,47,272.07855,44,/,0,31,297.6,47,275.23895,37
2009/07/01,0,31,292.02,47,273.57581,37,/,2,31,295.89,47,273.63821,37
2009/07/02,0,31,290.49,47,273.97885,37,/,0,31,293.64,47,275.32901,37
2009/07/03,2,31,289.36,47,274.37088,37,/,2,31,294.36,47,275.61868,37
2009/07/04,0,31,289.74,47,274.69562,37,/,0,31,296.77,47,275.96429,37
2009/07/05,0,31,289.99,47,275.69672,37,/,3,31,297.43,47,277.88269,37
2009/07/06,0,31,292.13,47,275.7265,45,/,0,31,297.04,47,278.07278,37
2009/07/07,2,31,291.88,47,276.45197,37,/,3,31,294.3,47,277.73123,37
2009/07/08,3,31,288.1,47,275.91418,37,/,0,31,292.18,47,276.48782,37
2009/07/09,0,0,287.57,47,275.93719,37,/,0,31,298.36,47,278.25595,37
2009/07/10,2,31,291.75,47,275.57434,37,/,2,31,294.7,47,274.62451,37
2009/07/11,0,31,290.8,47,273.36441,37,/,2,31,299.13,47,276.01773,44
2009/07/12,0,31,291.74,47,272.91174,44,/,2,31,292.51,47,274.57904,44
2009/07/13,0,31,288.73,47,272.15607,44,/,0,31,297.04,47,277.16541,45
2009/07/14,2,31,290.98,47,276.14328,37,/,2,31,294.61,47,278.56738,37
2009/07/15,2,31,292.05,47,277.45721,37,/,2,31,298.65,47,279.58301,37
2009/07/16,0,31,293.56,47,278.46378,37,/,3,31,288.19,47,279.13535,38
2009/07/17,0,31,289.06,47,275.72446,37,/,0,31,297.58,47,278.93774,38
2009/07/18,0,31,292.18,47,275.90094,38,/,0,31,299.59,47,281.14166,38
2009/07/19,2,31,293.55,47,277.97476,38,/,2,31,288.0,47,276.85342,45
2009/07/20,2,0,289.24,47,275.92361,38,/,0,31,294.79,47,277.42148,38
2009/07/21,3,31,291.71,47,277.18845,37,/,2,31,295.42,47,278.33337,37
2009/07/22,2,31,290.72,47,276.21527,45,/,2,31,295.25,47,277.38904,37
2009/07/23,0,31,289.91,47,273.64215,37,/,0,31,299.16,47,277.98419,37
2009/07/24,0,31,293.73,47,274.55441,37,/,0,31,300.22,47,276.77988,37
2009/07/25,0,31,292.9,47,274.27475,44,/,2,31,296.85,47,275.73502,37
2009/07/26,2,31,285.96,47,273.02573,37,/,0,31,288.96,47,272.32056,44
2009/07/27,0,31,286.8,47,269.34,44,/,0,31,296.07,47,274.68729,44
2009/07/28,0,31,288.57,47,272.41507,44,/,3,31,291.05,47,275.53967,37
2009/07/29,0,31,288.63,47,272.01208,44,/,0,31,296.24,47,279.04092,44
2009/07/30,2,31,290.1,47,275.45728,37,/,2,31,291.7,47,274.80844,37
2009/07/31,0,31,288.09,47,273.05295,37,/,2,31,293.53,47,276.06906,45
2009/08/01,2,31,291.15,47,274.49518,45,/,0,31,295.23,47,276.59952,45
2009/08/02,0,31,291.38,47,276.02936,37,/,2,31,288.16,47,275.99045,37
2009/08/03,3,31,286.77,47,273.48785,44,/,0,31,289.61,47,275.79178,45
2009/08/04,0,31,286.55,47,272.46286,44,/,0,31,293.91,47,273.98691,44
2009/08/05,0,31,288.68,47,270.6217,44,/,0,31,295.82,47,274.24451,44
2009/08/06,0,31,289.24,47,272.49826,44,/,0,31,297.03,47,277.54446,45
2009/08/07,0,31,290.37,47,273.97946,45,/,0,31,291.91,47,275.56741,45
2009/08/08,3,31,287.26,47,273.52893,37,/,3,31,287.53,47,274.30359,37
2009/08/09,2,31,285.99,47,272.27625,37,/,2,31,285.97,47,271.9996,45
2009/08/10,0,31,284.08,47,271.50266,44,/,0,31,292.07,47,273.94275,45
2009/08/11,0,31,287.34,47,270.18597,44,/,0,31,295.07,47,276.46259,44
2009/08/12,0,31,289.05,47,271.05362,44,/,3,31,296.96,47,276.27319,44
2009/08/13,2,31,290.24,47,270.95172,44,/,1,31,295.87,,,
2009/08/14,0,31,289.31,47,270.42184,44,/,3,31,297.19,47,274.39865,44
2009/08/15,0,31,289.0,47,273.02829,44,/,2,31,294.99,47,274.2511,37
2009/08/16,0,31,287.9,47,273.08047,37,/,0,31,294.4,47,274.70773,44
2009/08/17,0,31,288.08,47,274.04575,37,/,0,31,297.12,47,280.67816,37
2009/08/18,3,0,289.3,47,275.45877,37,/,2,31,286.86,47,272.94901,37
2009/08/19,2,0,,47,273.70319,37,/,2,31,286.08,47,274.52527,37
2009/08/20,0,31,285.26,47,275.83112,37,/,2,31,289.23,47,276.21057,37
2009/08/21,2,31,284.99,47,274.38882,37,/,0,31,290.69,47,275.31049,37
2009/08/22,2,31,286.68,47,274.7843,37,/,0,31,292.0,47,277.37906,37
2009/08/23,2,31,288.05,47,275.40067,37,/,0,31,292.8,47,275.60977,37
2009/08/24,0,31,290.19,47,274.37738,37,/,0,31,292.61,47,276.49805,37
2009/08/25,3,31,285.08,47,275.08658,37,/,2,31,286.22,47,273.56656,37
2009/08/26,2,31,286.61,47,271.49683,37,/,0,31,292.13,47,275.52148,37
2009/08/27,0,31,286.29,47,272.04834,37,/,0,31,293.82,47,276.32352,37
2009/08/28,3,31,288.2,47,274.38065,37,/,0,31,284.5,47,270.65903,44
2009/08/29,0,31,281.73,47,268.03372,37,/,0,31,293.03,47,271.54623,37
2009/08/30,0,31,286.24,47,268.30096,44,/,0,31,294.14,47,277.32468,37
2009/08/31,0,31,286.18,47,272.71808,37,/,0,31,292.96,47,277.22577,37
2009/09/01,3,31,287.36,47,274.53311,37,/,2,31,291.53,47,275.82761,37
2009/09/02,0,31,287.05,47,274.09717,37,/,2,0,,47,275.21982,37
2009/09/03,0,0,,47,275.8999,37,/,3,31,291.77,47,275.99585,37
2009/09/04,3,31,286.13,47,274.1694,37,/,0,31,290.66,47,278.14987,37
2009/09/05,0,31,288.9,47,278.13046,37,/,3,31,290.05,47,278.38013,37
2009/09/06,2,31,282.09,47,276.49234,37,/,3,31,282.94,47,278.70688,37
2009/09/07,3,31,282.38,47,275.138,37,/,3,31,284.51,47,278.10944,37
2009/09/08,0,31,283.65,47,275.63278,37,/,0,31,286.93,47,275.56711,37
2009/09/09,0,31,285.87,47,276.20184,37,/,0,31,287.54,47,275.36804,37
2009/09/10,0,31,286.03,47,274.8754,37,/,0,31,287.76,47,275.04431,37
2009/09/11,2,31,285.62,47,274.87515,37,/,2,31,285.52,47,274.28824,37
2009/09/12,2,31,284.58,47,274.17233,37,/,0,31,284.25,47,274.71112,37
2009/09/13,0,31,283.8,47,273.30698,44,/,3,31,283.02,47,273.483,37
2009/09/14,2,31,284.03,47,271.56064,37,/,0,31,290.08,47,275.25336,37
2009/09/15,0,31,284.75,47,272.22287,37,/,0,31,288.78,47,273.37039,37
2009/09/16,0,31,284.77,47,272.44455,37,/,0,31,290.49,47,275.59552,37
2009/09/17,0,31,286.94,47,272.86203,37,/,2,31,293.22,47,275.30737,37
2009/09/18,0,31,285.83,47,273.01572,37,/,0,31,292.65,47,275.23676,37
2009/09/19,2,31,286.73,47,272.54523,37,/,0,31,277.99,47,270.15802,37
2009/09/20,0,31,278.47,47,267.54892,37,/,0,31,285.98,47,269.66684,36
2009/09/21,0,31,280.86,47,268.56851,44,/,3,31,290.13,47,270.93539,44
2009/09/22,0,31,284.2,47,268.15552,36,/,0,0,,47,271.99622,43
2009/09/23,3,0,,47,269.5618,36,/,0,31,287.12,47,269.99152,36
2009/09/24,0,31,282.48,47,267.43015,36,/,0,31,292.21,47,273.65915,36
2009/09/25,0,31,284.62,47,269.05197,36,/,0,31,285.54,47,268.31793,36
2009/09/26,0,31,280.62,47,267.29364,36,/,0,31,288.17,47,268.15613,40
2009/09/27,0,31,283.02,47,264.64059,36,/,0,31,288.03,47,269.58981,36
2009/09/28,0,31,282.71,47,266.11856,36,/,0,31,290.82,47,271.79193,43
2009/09/29,0,31,284.37,47,269.38611,44,/,2,31,289.63,47,270.68756,36
2009/09/30,0,31,285.47,47,268.13229,44,/,0,31,288.2,47,269.80252,36
2009/10/01,0,31,282.71,47,267.61981,44,/,0,0,,47,270.84573,36
2009/10/02,0,0,,47,267.74866,36,/,3,31,283.62,47,269.01605,44
2009/10/03,0,31,282.81,47,265.61346,43,/,0,31,285.06,47,265.63449,43
2009/10/04,0,31,281.94,47,264.85016,36,/,0,31,288.31,47,268.75958,36
2009/10/05,0,31,282.47,47,267.90903,36,/,0,31,287.65,47,271.72668,36
2009/10/06,2,31,283.31,47,270.13855,36,/,3,31,283.33,47,270.19318,36
2009/10/07,2,31,282.47,47,268.7179,36,/,3,31,284.53,47,268.41949,37
2009/10/08,2,31,281.93,47,267.92841,36,/,2,31,282.87,47,267.44553,36
2009/10/09,0,31,280.3,47,267.57211,36,/,2,31,282.58,47,268.83057,36
2009/10/10,3,31,279.08,47,267.0022,44,/,3,31,279.13,47,266.13068,36
2009/10/11,0,31,278.55,47,265.88083,36,/,0,31,280.02,47,266.08185,36
2009/10/12,0,31,278.3,47,264.67963,36,/,0,31,283.43,47,265.95163,36
2009/10/13,0,31,277.5,47,263.47385,36,/,0,31,283.8,47,265.15628,36
2009/10/14,0,31,278.52,47,264.10721,36,/,0,31,283.22,47,266.27539,36
2009/10/15,0,31,279.81,47,263.52359,36,/,0,0,,47,265.24655,36
2009/10/16,0,0,,47,262.42941,35,/,0,0,,47,265.29602,36
2009/10/17,0,0,,47,264.02905,36,/,0,31,284.74,47,266.63699,36
2009/10/18,0,31,277.9,47,261.17743,36,/,0,31,281.95,47,264.01035,35
2009/10/19,0,31,276.4,47,261.28482,35,/,0,31,284.61,47,263.91827,35
2009/10/20,0,31,277.82,47,260.95792,35,/,0,31,283.7,47,263.93759,43
2009/10/21,0,31,277.33,47,262.07608,35,/,0,31,282.62,47,262.28195,43
2009/10/22,0,31,276.8,47,259.6413,43,/,0,31,285.74,47,263.83514,43
2009/10/23,0,31,278.2,47,261.72696,43,/,0,31,284.3,47,264.8078,43
2009/10/24,0,31,278.23,47,262.35092,43,/,0,31,284.74,47,264.27692,35
2009/10/25,0,31,277.4,47,262.41794,43,/,3,31,284.22,47,263.71783,35
2009/10/26,0,31,277.92,47,263.19604,35,/,0,31,281.76,47,265.08005,35
2009/10/27,0,31,276.48,47,264.54681,35,/,0,31,284.17,47,265.86447,35
2009/10/28,0,31,277.94,47,263.76794,35,/,0,31,283.03,47,266.85364,35
2009/10/29,0,31,277.72,47,264.20987,39,/,0,31,285.71,47,268.48642,35
2009/10/30,3,31,280.2,47,265.53235,36,/,0,31,280.23,47,265.24432,35
2009/10/31,0,31,274.73,47,261.08359,35,/,0,31,280.01,47,262.38162,36
2009/11/01,0,31,271.83,47,259.22836,35,/,0,31,272.96,47,260.95807,35
2009/11/02,0,31,267.19,47,261.43747,35,/,0,31,277.38,47,266.81708,35
2009/11/03,0,31,273.49,47,264.65768,35,/,0,31,281.72,47,264.46692,35
2009/11/04,0,0,273.88,47,261.39462,35,/,0,31,282.34,47,263.19659,43
2009/11/05,0,0,275.04,47,262.32199,43,/,0,31,284.23,47,267.94028,35
2009/11/06,0,0,276.47,47,263.79953,35,/,0,31,286.78,47,266.94989,42
2009/11/07,0,31,277.53,47,262.31418,29,/,0,31,285.48,47,266.41656,35
2009/11/08,0,31,277.35,47,262.91135,35,/,0,31,283.52,47,266.40659,35
2009/11/09,0,31,277.36,47,262.8887,35,/,0,31,281.27,47,266.82693,42
2009/11/10,0,31,274.58,47,264.42883,42,/,0,31,276.14,47,266.03558,35
2009/11/11,3,31,269.9,47,263.85065,35,/,0,31,267.68,47,260.42899,35
2009/11/12,0,31,265.79,47,254.57687,35,/,3,31,270.16,47,261.39786,35
2009/11/13,0,31,269.34,47,258.98322,36,/,0,31,271.17,47,265.04477,36
2009/11/14,0,31,268.65,47,261.70767,43,/,0,31,271.1,47,264.30225,35
2009/11/15,0,31,267.62,47,260.21906,42,/,0,31,266.71,47,260.55557,35
2009/11/16,0,31,262.25,47,257.21368,42,/,0,31,261.84,47,253.78973,42
2009/11/17,0,31,257.1,47,254.47495,42,/,0,31,265.29,47,258.11145,42
2009/11/18,0,31,262.2,47,256.76642,35,/,0,31,267.02,47,257.91229,42
2009/11/19,0,31,263.92,47,256.00684,42,/,0,31,267.28,47,254.40921,42
2009/11/20,0,31,263.75,47,252.36382,34,/,0,31,266.56,47,252.62549,41
2009/11/21,0,31,262.62,47,249.23158,41,/,0,31,273.31,47,256.07837,41
2009/11/22,0,31,268.26,47,256.42508,29,/,0,31,275.76,47,260.14258,34
2009/11/23,0,31,269.75,47,256.28375,34,/,0,31,274.96,47,261.49805,29
2009/11/24,0,0,268.75,47,258.94739,29,/,0,31,274.88,47,262.0137,35
2009/11/25,0,31,269.51,47,259.26852,35,/,0,31,275.25,47,264.02798,35
2009/11/26,0,31,266.93,47,260.32275,35,/,0,31,274.1,47,262.43933,35
2009/11/27,0,31,268.78,47,262.20935,35,/,0,31,270.74,47,259.75397,35
2009/11/28,0,31,270.02,47,257.69568,35,/,0,31,272.92,47,260.58203,35
2009/11/29,0,31,269.44,47,258.69855,29,/,0,31,273.39,47,261.79373,29
2009/11/30,0,31,269.18,47,258.63678,29,/,0,31,274.8,47,259.85202,35
2009/12/01,0,31,268.56,47,259.71274,29,/,0,31,272.18,47,259.46219,29
2009/12/02,0,31,268.31,47,254.80374,42,/,0,31,272.03,47,257.55368,29
2009/12/03,0,31,266.84,47,256.51413,42,/,0,31,272.24,47,259.6546,29
2009/12/04,0,31,266.55,47,254.94464,29,/,0,31,270.17,47,259.73087,29
2009/12/05,0,31,264.39,47,257.5275,34,/,0,31,271.6,47,261.93515,34
2009/12/06,0,31,267.41,47,259.89587,34,/,3,31,272.73,47,260.98624,34
2009/12/07,0,31,268.18,47,258.76773,34,/,0,31,270.06,47,258.43704,29
2009/12/08,0,31,265.45,47,256.60605,43,/,0,31,272.31,47,258.97647,42
2009/12/09,0,31,266.32,47,257.15924,47,/,0,31,275.2,47,260.45578,29
2009/12/10,0,31,269.07,47,260.64856,29,/,0,31,270.58,47,264.57364,29
2009/12/11,0,31,267.45,47,261.97174,29,/,0,31,270.19,47,262.77908,29
2009/12/12,0,31,268.15,47,260.41568,29,/,0,31,270.15,47,261.30054,29
2009/12/13,0,31,265.95,47,258.3508,29,/,0,31,272.2,47,263.25912,29
2009/12/14,0,31,269.11,47,259.95676,29,/,0,31,267.74,47,257.17401,29
2009/12/15,0,31,262.98,47,252.25743,47,/,0,31,269.64,47,257.06848,31
2009/12/16,0,31,264.75,47,253.08798,28,/,0,31,267.07,47,253.56076,41
2009/12/17,0,31,263.07,47,251.6194,41,/,0,31,268.47,47,256.77847,41
2009/12/18,0,31,261.97,47,252.51787,41,/,0,31,267.87,47,255.79822,41
2009/12/19,0,31,263.26,47,251.73877,41,/,0,31,268.26,47,254.37636,41
2009/12/20,0,31,262.0,47,252.54337,24,/,0,31,268.11,47,256.08621,47
2009/12/21,0,31,262.69,47,252.87691,41,/,0,31,273.32,47,258.77737,28
2009/12/22,0,31,265.52,47,255.68449,28,/,0,31,270.48,47,257.80807,41
2009/12/23,0,0,266.03,47,254.67905,47,/,0,31,274.81,47,256.6611,47
2009/12/24,0,31,266.61,47,252.36385,47,/,0,31,266.62,47,254.81972,47
2009/12/25,0,31,261.74,47,251.72606,28,/,0,31,271.77,47,254.72449,47
2009/12/26,0,31,264.31,47,251.37892,28,/,0,31,261.13,47,248.54953,47
2009/12/27,0,31,257.57,47,251.51984,28,/,0,31,269.5,47,255.23479,28
2009/12/28,0,0,260.6,47,252.2016,41,/,0,31,267.72,47,256.02612,28
2009/12/29,0,31,261.57,47,252.35194,23,/,0,31,267.78,47,256.79324,41
2009/12/30,0,31,261.74,47,253.78883,42,/,0,31,268.86,47,258.53409,34
2009/12/31,0,31,264.77,47,255.16524,42,/,0,31,270.32,47,255.83604,30
